paper_name,paper_url,Title,Author,Journal,Loading,PMID,Doi,download_status
emotional stimuli_00001,https://pubmed.ncbi.nlm.nih.gov/23850105/,Brain response during visual emotional processing: an fMRI study of alexithymia.,"Deng Y, Ma X, Tang Q",Psychiatry research,0.334,23850105,-1,-1
emotional stimuli_00002,https://pubmed.ncbi.nlm.nih.gov/24001875/,Premenstrual dysphoric disorder and prefrontal reactivity during anticipation of  emotional stimuli.,"Gingnell M, Bannbers E, Wikstrom J, Fredrikson M, Sundstrom-Poromaa I",European neuropsychopharmacology : the journal of the European College of Neuropsychopharmacology,0.327,24001875,-1,-1
emotional stimuli_00003,https://pubmed.ncbi.nlm.nih.gov/21864550/,Emotionally negative stimuli can overcome attentional deficits in patients with visuo-spatial hemineglect.,"Grabowska A, Marchewka A, Seniow J, Polanowska K, Jednorog K, Krolicki L, Kossut M, Czlonkowska A",Neuropsychologia,0.326,21864550,-1,-1
emotional stimuli_00004,https://pubmed.ncbi.nlm.nih.gov/23587690/,Lateralization of affective processing in the insula.,"Duerden EG, Arsalidou M, Lee M, Taylor MJ",NeuroImage,0.305,23587690,-1,-1
emotional stimuli_00005,https://pubmed.ncbi.nlm.nih.gov/20732901/,Emotion speeds up conflict resolution: a new role for the ventral anterior cingulate cortex?,"Kanske P, Kotz SA","Cerebral cortex (New York, N.Y. : 1991)",0.295,20732901,-1,-1
emotional stimuli_00006,https://pubmed.ncbi.nlm.nih.gov/21130141/,The functional connectivity between amygdala and extrastriate visual cortex activity during emotional picture processing depends on stimulus novelty.,"Wendt J, Weike AI, Lotze M, Hamm AO",Biological psychology,0.286,21130141,-1,-1
emotional stimuli_00007,https://pubmed.ncbi.nlm.nih.gov/23146247/,General emotion processing in social anxiety disorder: neural issues of cognitive control.,"Bruhl AB, Herwig U, Delsignore A, Jancke L, Rufer M",Psychiatry research,0.285,23146247,-1,-1
emotional stimuli_00008,https://pubmed.ncbi.nlm.nih.gov/16460697/,Neural responses to emotional stimuli are associated with childhood family stress.,"Taylor SE, Eisenberger NI, Saxbe D, Lehman BJ, Lieberman MD",Biological psychiatry,0.255,16460697,-1,-1
emotional stimuli_00009,https://pubmed.ncbi.nlm.nih.gov/19117277/,Increased self-focus in major depressive disorder is related to neural abnormalities in subcortical-cortical midline structures.,"Grimm S, Ernst J, Boesiger P, Schuepbach D, Hell D, Boeker H, Northoff G",Human brain mapping,0.251,19117277,-1,-1
emotional stimuli_00010,https://pubmed.ncbi.nlm.nih.gov/23170240/,The functional epistasis of 5-HTTLPR and BDNF Val66Met on emotion processing: a preliminary study.,"Outhred T, Das P, Dobson-Stone C, Griffiths K, Felmingham KL, Bryant RA, Malhi G, Kemp AH",Brain and behavior,0.242,23170240,-1,-1
emotional stimuli_00011,https://pubmed.ncbi.nlm.nih.gov/19539268/,The effects of tryptophan depletion on neural responses to emotional words in remitted depression.,"Roiser JP, Levy J, Fromm SJ, Nugent AC, Talagala SL, Hasler G, Henn FA, Sahakian BJ, Drevets WC",Biological psychiatry,0.234,19539268,10.1016/j.biopsych.2009.05.002,-1
emotional stimuli_00012,https://pubmed.ncbi.nlm.nih.gov/24800897/,Effects of oxycodone on brain responses to emotional images.,"Wardle MC, Fitzgerald DA, Angstadt M, Rabinak CA, de Wit H, Phan KL",Psychopharmacology,0.232,24800897,10.1007/s00213-014-3592-4,-1
emotional stimuli_00013,https://pubmed.ncbi.nlm.nih.gov/16247013/,Orbitofrontal cortex activity related to emotional processing changes across the  menstrual cycle.,"Protopopescu X, Pan H, Altemus M, Tuescher O, Polanecsky M, McEwen B, Silbersweig D, Stern E",Proceedings of the National Academy of Sciences of the United States of America,0.23,16247013,10.1073/pnas.0502818102,-1
emotional stimuli_00014,https://pubmed.ncbi.nlm.nih.gov/17915264/,Neural correlates of emotional working memory in patients with mild cognitive impairment.,"Dohnel K, Sommer M, Ibach B, Rothmayr C, Meinhardt J, Hajak G",Neuropsychologia,0.223,17915264,10.1016/j.neuropsychologia.2007.08.012,-1
emotional stimuli_00015,https://pubmed.ncbi.nlm.nih.gov/18723260/,Self-referential processing of negative stimuli within the ventral anterior cingulate gyrus and right amygdala.,"Yoshimura S, Ueda K, Suzuki S, Onoda K, Okamoto Y, Yamawaki S",Brain and cognition,0.218,18723260,-1,-1
emotional stimuli_00016,https://pubmed.ncbi.nlm.nih.gov/21964552/,Beyond arousal and valence: the importance of the biological versus social relevance of emotional stimuli.,"Sakaki M, Niki K, Mather M","Cognitive, affective & behavioral neuroscience",0.207,21964552,-1,-1
emotional stimuli_00017,https://pubmed.ncbi.nlm.nih.gov/21498384/,Stress shifts brain activation towards ventral 'affective' areas during emotional distraction.,"Oei NY, Veer IM, Wolf OT, Spinhoven P, Rombouts SA, Elzinga BM",Social cognitive and affective neuroscience,0.203,21498384,-1,-1
emotional stimuli_00018,https://pubmed.ncbi.nlm.nih.gov/26219630/,Common neural correlates of emotion perception in humans.,"Jastorff J, Huang YA, Giese MA, Vandenbulcke M",Human brain mapping,0.203,26219630,-1,-1
emotional stimuli_00019,https://pubmed.ncbi.nlm.nih.gov/17415777/,Neural activity of the anterior insula in emotional processing depends on the individuals' emotional susceptibility.,"Iaria G, Committeri G, Pastorelli C, Pizzamiglio L, Watkins KE, Carota A",Human brain mapping,0.187,17415777,-1,-1
emotional stimuli_00020,https://pubmed.ncbi.nlm.nih.gov/21359508/,Differential modulation of emotion processing brain regions by noradrenergic and  serotonergic antidepressants.,"Bruhl AB, Jancke L, Herwig U",Psychopharmacology,0.187,21359508,-1,-1
emotional stimuli_00021,https://pubmed.ncbi.nlm.nih.gov/22516367/,Cerebral integration of verbal and nonverbal emotional cues: impact of individual nonverbal dominance.,"Jacob H, Kreifelts B, Bruck C, Erb M, Hosl F, Wildgruber D",NeuroImage,0.186,22516367,-1,-1
emotional stimuli_00022,https://pubmed.ncbi.nlm.nih.gov/20122966/,The brain's relevance detection network operates independently of stimulus modality.,"Scharpf KR, Wendt J, Lotze M, Hamm AO",Behavioural brain research,0.185,20122966,-1,-1
emotional stimuli_00023,https://pubmed.ncbi.nlm.nih.gov/26210693/,Facilitation of emotion regulation with a single dose of escitalopram: A randomized fMRI study.,"Outhred T, Das P, Felmingham KL, Bryant RA, Nathan PJ, Malhi GS, Kemp AH",Psychiatry research,0.183,26210693,-1,-1
emotional stimuli_00024,https://pubmed.ncbi.nlm.nih.gov/22564476/,"Effortful control, depression, and anxiety correlate with the influence of emotion on executive attentional control.","Kanske P, Kotz SA",Biological psychology,0.182,22564476,-1,-1
emotional stimuli_00025,https://pubmed.ncbi.nlm.nih.gov/23453833/,"Reprint of ""Effortful control, depression, and anxiety correlate with the influence of emotion on executive attentional control"".","Kanske P, Kotz SA",Biological psychology,0.182,23453833,-1,-1
emotional stimuli_00026,https://pubmed.ncbi.nlm.nih.gov/26093849/,Mid-adolescent neurocognitive development of ignoring and attending emotional stimuli.,"Vetter NC, Pilhatsch M, Weigelt S, Ripke S, Smolka MN",Developmental cognitive neuroscience,0.168,26093849,-1,-1
emotional stimuli_00027,https://pubmed.ncbi.nlm.nih.gov/20715084/,Emotion triggers executive attention: anterior cingulate cortex and amygdala responses to emotional words in a conflict task.,"Kanske P, Kotz SA",Human brain mapping,0.165,20715084,-1,-1
emotional stimuli_00028,https://pubmed.ncbi.nlm.nih.gov/24100929/,Altered emotion processing circuits during the anticipation of emotional stimuli  in women with borderline personality disorder.,"Scherpiet S, Bruhl AB, Opialla S, Roth L, Jancke L, Herwig U",European archives of psychiatry and clinical neuroscience,0.163,24100929,-1,-1
emotional stimuli_00029,https://pubmed.ncbi.nlm.nih.gov/15993624/,Fate of unattended fearful faces in the amygdala is determined by both attentional resources and cognitive modulation.,"Pessoa L, Padmala S, Morland T",NeuroImage,0.161,15993624,-1,-1
emotional stimuli_00030,https://pubmed.ncbi.nlm.nih.gov/27242420/,Modulation of Auditory Spatial Attention by Angry Prosody: An fMRI Auditory Dot-Probe Study.,"Ceravolo L, Fruhholz S, Grandjean D",Frontiers in neuroscience,0.16,27242420,-1,-1
emotional stimuli_00031,https://pubmed.ncbi.nlm.nih.gov/25481571/,Increased brain activity to unpleasant stimuli in individuals with the 7R allele  of the DRD4 gene.,"Gehricke JG, Swanson JM, Duong S, Nguyen J, Wigal TL, Fallon J, Caburian C, Tugan Muftuler L, Moyzis RK",Psychiatry research,0.158,25481571,10.1016/j.pscychresns.2014.10.021,-1
emotional stimuli_00032,https://pubmed.ncbi.nlm.nih.gov/23409009/,Emotional picture and word processing: an FMRI study on effects of stimulus complexity.,"Schlochtermeier LH, Kuchinke L, Pehrs C, Urton K, Kappelhoff H, Jacobs AM",PloS one,0.153,23409009,-1,-1
emotional stimuli_00033,https://pubmed.ncbi.nlm.nih.gov/22960116/,Proactive and reactive control during emotional interference and its relationship to trait anxiety.,"Krug MK, Carter CS",Brain research,0.151,22960116,-1,-1
emotional stimuli_00034,https://pubmed.ncbi.nlm.nih.gov/19462002/,Unstable prefrontal response to emotional conflict and activation of lower limbic structures and brainstem in remitted panic disorder.,"Chechko N, Wehrle R, Erhardt A, Holsboer F, Czisch M, Samann PG",PloS one,0.15,19462002,-1,-1
emotional stimuli_00035,https://pubmed.ncbi.nlm.nih.gov/23825407/,Enhanced visual cortical activation for emotional stimuli is preserved in patients with unilateral amygdala resection.,"Edmiston EK, McHugo M, Dukic MS, Smith SD, Abou-Khalil B, Eggers E, Zald DH",The Journal of neuroscience : the official journal of the Society for Neuroscience,0.15,23825407,-1,-1
emotional stimuli_00036,https://pubmed.ncbi.nlm.nih.gov/24185015/,Brain systems underlying attentional control and emotional distraction during working memory encoding.,"Ziaei M, Peira N, Persson J",NeuroImage,0.147,24185015,-1,-1
emotional stimuli_00037,https://pubmed.ncbi.nlm.nih.gov/19446638/,Getting mixed messages: the impact of conflicting social signals on the brain's target emotional response.,"Amting JM, Miller JE, Chow M, Mitchell DG",NeuroImage,0.144,19446638,-1,-1
emotional stimuli_00038,https://pubmed.ncbi.nlm.nih.gov/22378896/,Variation in the corticotropin-releasing hormone receptor 1 (CRHR1) gene influences fMRI signal responses during emotional stimulus processing.,"Hsu DT, Mickey BJ, Langenecker SA, Heitzeg MM, Love TM, Wang H, Kennedy SE, Pecina M, Shafir T, Hodgkinson CA, Enoch MA, Goldman D, Zubieta JK",The Journal of neuroscience : the official journal of the Society for Neuroscience,0.144,22378896,-1,-1
emotional stimuli_00039,https://pubmed.ncbi.nlm.nih.gov/12559653/,Activation of the medial prefrontal cortex and extended amygdala by individual ratings of emotional arousal: a fMRI study.,"Phan KL, Taylor SF, Welsh RC, Decker LR, Noll DC, Nichols TE, Britton JC, Liberzon I",Biological psychiatry,0.142,12559653,-1,-1
emotional stimuli_00040,https://pubmed.ncbi.nlm.nih.gov/22682158/,Reversed frontotemporal connectivity during emotional face processing in remitted depression.,"Goulden N, McKie S, Thomas EJ, Downey D, Juhasz G, Williams SR, Rowe JB, Deakin JF, Anderson IM, Elliott R",Biological psychiatry,0.138,22682158,-1,-1
emotional stimuli_00041,https://pubmed.ncbi.nlm.nih.gov/28477862/,Contribution of fronto-striatal regions to emotional valence and repetition under cognitive conflict.,"Chun JW, Park HJ, Kim DJ, Kim E, Kim JJ",Brain research,0.137,28477862,-1,-1
emotional stimuli_00042,https://pubmed.ncbi.nlm.nih.gov/26143208/,Temporal unpredictability of a stimulus sequence and the processing of neutral and emotional stimuli.,"Koppe G, Heidel A, Sammer G, Bohus M, Gallhofer B, Kirsch P, Lis S",NeuroImage,0.136,26143208,-1,-1
emotional stimuli_00043,https://pubmed.ncbi.nlm.nih.gov/22521253/,Neural mechanisms underlying the integration of emotion and working memory.,"Grimm S, Weigand A, Kazzer P, Jacobs AM, Bajbouj M",NeuroImage,0.135,22521253,-1,-1
emotional stimuli_00044,https://pubmed.ncbi.nlm.nih.gov/23584670/,Alcohol attenuates amygdala-frontal connectivity during processing social signals in heavy social drinkers: a preliminary pharmaco-fMRI study.,"Gorka SM, Fitzgerald DA, King AC, Phan KL",Psychopharmacology,0.129,23584670,-1,-1
emotional stimuli_00045,https://pubmed.ncbi.nlm.nih.gov/12454910/,Posterior cingulate cortex activation by emotional words: fMRI evidence from a valence decision task.,"Maddock RJ, Garrett AS, Buonocore MH",Human brain mapping,0.126,12454910,-1,-1
emotional stimuli_00046,https://pubmed.ncbi.nlm.nih.gov/22302842/,Goal-directed behavior under emotional distraction is preserved by enhanced task-specific activation.,"Wessa M, Heissler J, Schonfelder S, Kanske P",Social cognitive and affective neuroscience,0.124,22302842,-1,-1
emotional stimuli_00047,https://pubmed.ncbi.nlm.nih.gov/16317710/,Attentional modulation of emotional stimulus processing: an fMRI study using emotional expectancy.,"Bermpohl F, Pascual-Leone A, Amedi A, Merabet LB, Fregni F, Gaab N, Alsop D, Schlaug G, Northoff G",Human brain mapping,0.12,16317710,-1,-1
emotional stimuli_00048,https://pubmed.ncbi.nlm.nih.gov/25445782/,Affect differentially modulates brain activation in uni- and multisensory body-voice perception.,"Jessen S, Kotz SA",Neuropsychologia,0.119,25445782,-1,-1
emotional stimuli_00049,https://pubmed.ncbi.nlm.nih.gov/19589603/,Rostral anterior cingulate cortex activity mediates the relationship between the  depressive symptoms and the medial prefrontal cortex activity.,"Yoshimura S, Okamoto Y, Onoda K, Matsunaga M, Ueda K, Suzuki S, Shigetoyamawaki",Journal of affective disorders,0.117,19589603,10.1016/j.jad.2009.06.017,-1
emotional stimuli_00050,https://pubmed.ncbi.nlm.nih.gov/23383244/,Effects of AKAP5 Pro100Leu genotype on working memory for emotional stimuli.,"Richter S, Gorny X, Machts J, Behnisch G, Wustenberg T, Herbort MC, Munte TF, Seidenbecher CI, Schott BH",PloS one,0.117,23383244,10.1371/journal.pone.0055613,-1
emotional stimuli_00051,https://pubmed.ncbi.nlm.nih.gov/21246665/,Cognitive appraisal and life stress moderate the effects of the 5-HTTLPR polymorphism on amygdala reactivity.,"Lemogne C, Gorwood P, Boni C, Pessiglione M, Lehericy S, Fossati P",Human brain mapping,0.116,21246665,-1,-1
emotional stimuli_00052,https://pubmed.ncbi.nlm.nih.gov/19551135/,Induction of empathy by the smell of anxiety.,"Prehn-Kristensen A, Wiesner C, Bergmann TO, Wolff S, Jansen O, Mehdorn HM, Ferstl R, Pause BM",PloS one,0.114,19551135,-1,-1
emotional stimuli_00053,https://pubmed.ncbi.nlm.nih.gov/21264550/,Neural correlates of personality dimensions and affective measures during the anticipation of emotional stimuli.,"Bruhl AB, Viebke MC, Baumgartner T, Kaffenberger T, Herwig U",Brain imaging and behavior,0.114,21264550,-1,-1
emotional stimuli_00054,https://pubmed.ncbi.nlm.nih.gov/25360090/,Working memory training improves emotional states of healthy individuals.,"Takeuchi H, Taki Y, Nouchi R, Hashizume H, Sekiguchi A, Kotozaki Y, Nakagawa S, Miyauchi CM, Sassa Y, Kawashima R",Frontiers in systems neuroscience,0.114,25360090,-1,-1
emotional stimuli_00055,https://pubmed.ncbi.nlm.nih.gov/18448453/,Enhanced processing of threat stimuli under limited attentional resources.,"De Martino B, Kalisch R, Rees G, Dolan RJ","Cerebral cortex (New York, N.Y. : 1991)",0.112,18448453,-1,-1
emotional stimuli_00056,https://pubmed.ncbi.nlm.nih.gov/21376543/,The interacting role of media violence exposure and aggressive-disruptive behavior in adolescent brain activation during an emotional Stroop task.,"Kalnin AJ, Edwards CR, Wang Y, Kronenberger WG, Hummer TA, Mosier KM, Dunn DW, Mathews VP",Psychiatry research,0.11,21376543,-1,-1
emotional stimuli_00057,https://pubmed.ncbi.nlm.nih.gov/25246514/,Oestrogens are Not Related to Emotional Processing: a Study of Regional Brain Activity in Female-to-Male Transsexuals Under Gonadal Suppression.,"Soleman RS, Staphorsius AS, Cohen-Kettenis PT, Lambalk CB, Veltman DJ, van Trotsenburg MA, Hompes PG, Drent ML, de Ronde WP, Kreukels BP","Cerebral cortex (New York, N.Y. : 1991)",0.109,25246514,-1,-1
emotional stimuli_00058,https://pubmed.ncbi.nlm.nih.gov/27838143/,"Amygdala and dlPFC abnormalities, with aberrant connectivity and habituation in response to emotional stimuli in females with BPD.","Dudas RB, Mole TB, Morris LS, Denman C, Hill E, Szalma B, Evans D, Dunn B, Fletcher P, Voon V",Journal of affective disorders,0.109,27838143,-1,-1
emotional stimuli_00059,https://pubmed.ncbi.nlm.nih.gov/28527986/,The temporal and spatial brain dynamics of automatic emotion regulation in children.,"Urbain C, Sato J, Pang EW, Taylor MJ",Developmental cognitive neuroscience,0.109,28527986,-1,-1
emotional stimuli_00060,https://pubmed.ncbi.nlm.nih.gov/24806682/,Fear from the heart: sensitivity to fear stimuli depends on individual heartbeats.,"Garfinkel SN, Minati L, Gray MA, Seth AK, Dolan RJ, Critchley HD",The Journal of neuroscience : the official journal of the Society for Neuroscience,0.108,24806682,-1,-1
emotional stimuli_00061,https://pubmed.ncbi.nlm.nih.gov/16249098/,Neural correlates of regulating negative emotions related to moral violations.,"Harenski CL, Hamann S",NeuroImage,0.107,16249098,-1,-1
emotional stimuli_00062,https://pubmed.ncbi.nlm.nih.gov/14573322/,Recovery and chronicity in anorexia nervosa: brain activity associated with differential outcomes.,"Uher R, Brammer MJ, Murphy T, Campbell IC, Ng VW, Williams SC, Treasure J",Biological psychiatry,0.105,14573322,-1,-1
emotional stimuli_00063,https://pubmed.ncbi.nlm.nih.gov/17442593/,Amygdala responses to nonlinguistic emotional vocalizations.,"Fecteau S, Belin P, Joanette Y, Armony JL",NeuroImage,0.105,17442593,10.1016/j.neuroimage.2007.02.043,-1
emotional stimuli_00064,https://pubmed.ncbi.nlm.nih.gov/19349235/,Tuning down the emotional brain: an fMRI study of the effects of cognitive load on the processing of affective images.,"Van Dillen LF, Heslenfeld DJ, Koole SL",NeuroImage,0.105,19349235,10.1016/j.neuroimage.2009.01.016,-1
emotional stimuli_00065,https://pubmed.ncbi.nlm.nih.gov/23328446/,Cortical thickness alterations in social anxiety disorder.,"Frick A, Howner K, Fischer H, Eskildsen SF, Kristiansson M, Furmark T",Neuroscience letters,0.105,23328446,10.1016/j.neulet.2012.12.060,-1
emotional stimuli_00066,https://pubmed.ncbi.nlm.nih.gov/15854792/,Emotional memory: separating content and context.,"Medford N, Phillips ML, Brierley B, Brammer M, Bullmore ET, David AS",Psychiatry research,0.104,15854792,10.1016/j.pscychresns.2004.10.004,-1
emotional stimuli_00067,https://pubmed.ncbi.nlm.nih.gov/16713306/,Gender differences in regional cerebral activity during the perception of emotion: a functional MRI study.,"Hofer A, Siedentopf CM, Ischebeck A, Rettenbacher MA, Verius M, Felber S, Fleischhacker WW",NeuroImage,0.104,16713306,-1,-1
emotional stimuli_00068,https://pubmed.ncbi.nlm.nih.gov/17332416/,As time goes by: temporal constraints on emotional activation of inferior medial  prefrontal cortex.,"Geday J, Kupers R, Gjedde A","Cerebral cortex (New York, N.Y. : 1991)",0.104,17332416,-1,-1
emotional stimuli_00069,https://pubmed.ncbi.nlm.nih.gov/26757433/,Cerebral Correlates of Emotional and Action Appraisals During Visual Processing of Emotional Scenes Depending on Spatial Frequency: A Pilot Study.,"Campagne A, Fradcourt B, Pichat C, Baciu M, Kauffmann L, Peyrin C",PloS one,0.103,26757433,-1,-1
emotional stimuli_00070,https://pubmed.ncbi.nlm.nih.gov/25994971/,Sex differences in intrinsic brain functional connectivity underlying human shyness.,"Yang X, Wang S, Kendrick KM, Wu X, Yao L, Lei D, Kuang W, Bi F, Huang X, He Y, Gong Q",Social cognitive and affective neuroscience,0.102,25994971,-1,-1
emotional stimuli_00071,https://pubmed.ncbi.nlm.nih.gov/14980580/,Neural correlates of individual ratings of emotional salience: a trial-related fMRI study.,"Phan KL, Taylor SF, Welsh RC, Ho SH, Britton JC, Liberzon I",NeuroImage,0.101,14980580,-1,-1
emotional stimuli_00072,https://pubmed.ncbi.nlm.nih.gov/18476760/,In the eye of the beholder: individual differences in perceived social isolation  predict regional brain activation to social stimuli.,"Cacioppo JT, Norris CJ, Decety J, Monteleone G, Nusbaum H",Journal of cognitive neuroscience,0.101,18476760,-1,-1
emotional stimuli_00073,https://pubmed.ncbi.nlm.nih.gov/22574175/,5-HTTLPR polymorphism impacts task-evoked and resting-state activities of the amygdala in Han Chinese.,"Li S, Zou Q, Li J, Li J, Wang D, Yan C, Dong Q, Zang YF",PloS one,0.101,22574175,-1,-1
emotional stimuli_00074,https://pubmed.ncbi.nlm.nih.gov/23700105/,Common and specific brain responses to scenic emotional stimuli.,"Radua J, Sarro S, Vigo T, Alonso-Lana S, Bonnin CM, Ortiz-Gil J, Canales-Rodriguez EJ, Maristany T, Vieta E, Mckenna PJ, Salvador R, Pomarol-Clotet E",Brain structure & function,0.101,23700105,-1,-1
emotional stimuli_00075,https://pubmed.ncbi.nlm.nih.gov/12742672/,Differential amygdalar response to novel versus newly familiar neutral faces: a functional MRI probe developed for studying inhibited temperament.,"Schwartz CE, Wright CI, Shin LM, Kagan J, Whalen PJ, McMullin KG, Rauch SL",Biological psychiatry,0.1,12742672,-1,-1
emotional stimuli_00076,https://pubmed.ncbi.nlm.nih.gov/19833213/,The neural temporal dynamics of the intensity of emotional experience.,"Waugh CE, Hamilton JP, Gotlib IH",NeuroImage,0.1,19833213,-1,-1
emotional stimuli_00077,https://pubmed.ncbi.nlm.nih.gov/21549637/,The effect of one left-sided dorsolateral prefrontal sham-controlled HF-rTMS session on approach and withdrawal related emotional neuronal processes.,"Baeken C, Van Schuerbeek P, De Raedt R, De Mey J, Vanderhasselt MA, Bossuyt A, Luypaert R",Clinical neurophysiology : official journal of the International Federation of Clinical Neurophysiology,0.1,21549637,-1,-1
emotional stimuli_00078,https://pubmed.ncbi.nlm.nih.gov/20955802/,Impact of transient emotions on functional connectivity during subsequent resting state: a wavelet correlation approach.,"Eryilmaz H, Van De Ville D, Schwartz S, Vuilleumier P",NeuroImage,0.099,20955802,-1,-1
emotional stimuli_00079,https://pubmed.ncbi.nlm.nih.gov/26071623/,Neural correlates of anxiety sensitivity in panic disorder: A functional magnetic resonance imaging study.,"Poletti S, Radaelli D, Cucchi M, Ricci L, Vai B, Smeraldi E, Benedetti F",Psychiatry research,0.098,26071623,-1,-1
emotional stimuli_00080,https://pubmed.ncbi.nlm.nih.gov/19151376/,The amygdala response to images with impact.,"Ewbank MP, Barnard PJ, Croucher CJ, Ramponi C, Calder AJ",Social cognitive and affective neuroscience,0.097,19151376,-1,-1
emotional stimuli_00081,https://pubmed.ncbi.nlm.nih.gov/21679770/,Impact of mindfulness on the neural responses to emotional pictures in experienced and beginner meditators.,"Taylor VA, Grant J, Daneault V, Scavone G, Breton E, Roffe-Vidal S, Courtemanche J, Lavarenne AS, Beauregard M",NeuroImage,0.097,21679770,10.1016/j.neuroimage.2011.06.001,-1
emotional stimuli_00082,https://pubmed.ncbi.nlm.nih.gov/23955492/,Brain responses to erotic and other emotional stimuli in breast cancer survivors  with and without distress about low sexual desire: a preliminary fMRI study.,"Versace F, Engelmann JM, Jackson EF, Slapin A, Cortese KM, Bevers TB, Schover LR",Brain imaging and behavior,0.096,23955492,10.1007/s11682-013-9252-1,-1
emotional stimuli_00083,https://pubmed.ncbi.nlm.nih.gov/25406367/,Neural correlates of generation and inhibition of verbal association patterns in  mood disorders.,"Piguet C, Desseilles M, Cojan Y, Sterpenich V, Dayer A, Bertschy G, Vuilleumier P",Social cognitive and affective neuroscience,0.096,25406367,10.1093/scan/nsu146,-1
emotional stimuli_00084,https://pubmed.ncbi.nlm.nih.gov/25935068/,Neural Correlates of Disturbed Emotion Processing in Borderline Personality Disorder: A Multimodal Meta-Analysis.,"Schulze L, Schmahl C, Niedtfeld I",Biological psychiatry,0.096,25935068,-1,-1
emotional stimuli_00085,https://pubmed.ncbi.nlm.nih.gov/29487519/,Financial Incentives Differentially Regulate Neural Processing of Positive and Negative Emotions during Value-Based Decision-Making.,"Farrell AM, Goh JOS, White BJ",Frontiers in human neuroscience,0.096,29487519,-1,-1
emotional stimuli_00086,https://pubmed.ncbi.nlm.nih.gov/19394205/,Neural correlates of emotion processing in borderline personality disorder.,"Koenigsberg HW, Siever LJ, Lee H, Pizzarello S, New AS, Goodman M, Cheng H, Flory J, Prohovnik I",Psychiatry research,0.095,19394205,-1,-1
emotional stimuli_00087,https://pubmed.ncbi.nlm.nih.gov/21756925/,Emotional self-reference: brain structures involved in the processing of words describing one's own emotions.,"Herbert C, Herbert BM, Pauli P",Neuropsychologia,0.094,21756925,-1,-1
emotional stimuli_00088,https://pubmed.ncbi.nlm.nih.gov/28105532/,Machiavellian emotion regulation in a cognitive reappraisal task: An fMRI study.,"Deak A, Bodrogi B, Biro B, Perlaki G, Orsi G, Bereczkei T","Cognitive, affective & behavioral neuroscience",0.094,28105532,-1,-1
emotional stimuli_00089,https://pubmed.ncbi.nlm.nih.gov/16093315/,Beyond affect: a role for genetic variation of the serotonin transporter in neural activation during a cognitive attention task.,"Canli T, Omura K, Haas BW, Fallgatter A, Constable RT, Lesch KP",Proceedings of the National Academy of Sciences of the United States of America,0.092,16093315,-1,-1
emotional stimuli_00090,https://pubmed.ncbi.nlm.nih.gov/24760279/,Brain activation of the defensive and appetitive survival systems in obsessive compulsive disorder.,"Goncalves OF, Soares JM, Carvalho S, Leite J, Ganho A, Fernandes-Goncalves A, Frank B, Pocinho F, Relvas J, Carracedo A, Sampaio A",Brain imaging and behavior,0.092,24760279,-1,-1
emotional stimuli_00091,https://pubmed.ncbi.nlm.nih.gov/26083379/,Neural Networks for Mindfulness and Emotion Suppression.,"Murakami H, Katsunuma R, Oba K, Terasawa Y, Motomura Y, Mishima K, Moriguchi Y",PloS one,0.092,26083379,-1,-1
emotional stimuli_00092,https://pubmed.ncbi.nlm.nih.gov/18314252/,Additive effects of serotonin transporter and tryptophan hydroxylase-2 gene variation on neural correlates of affective processing.,"Canli T, Congdon E, Todd Constable R, Lesch KP",Biological psychology,0.091,18314252,-1,-1
emotional stimuli_00093,https://pubmed.ncbi.nlm.nih.gov/27633559/,Cerebral bases of emotion regulation toward odours: A first approach.,"Billot PE, Andrieu P, Biondi A, Vieillard S, Moulin T, Millot JL",Behavioural brain research,0.091,27633559,-1,-1
emotional stimuli_00094,https://pubmed.ncbi.nlm.nih.gov/29489856/,Implicit emotion regulation in adolescent girls: An exploratory investigation of  Hidden Markov Modeling and its neural correlates.,"Steele JS, Bush K, Stowe ZN, James GA, Smitherman S, Kilts CD, Cisler J",PloS one,0.091,29489856,-1,-1
emotional stimuli_00095,https://pubmed.ncbi.nlm.nih.gov/17182225/,Expecting unpleasant stimuli--an fMRI study.,"Herwig U, Abler B, Walter H, Erk S",Psychiatry research,0.09,17182225,-1,-1
emotional stimuli_00096,https://pubmed.ncbi.nlm.nih.gov/21878364/,Amygdala hyperactivation and prefrontal hypoactivation in subjects with cognitive vulnerability to depression.,"Zhong M, Wang X, Xiao J, Yi J, Zhu X, Liao J, Wang W, Yao S",Biological psychology,0.09,21878364,-1,-1
emotional stimuli_00097,https://pubmed.ncbi.nlm.nih.gov/21878394/,Variation of the gene coding for DARPP-32 (PPP1R1B) and brain connectivity during associative emotional learning.,"Curcic-Blake B, Swart M, Ter Horst GJ, Langers DR, Kema IP, Aleman A",NeuroImage,0.09,21878394,-1,-1
emotional stimuli_00098,https://pubmed.ncbi.nlm.nih.gov/23337458/,Partial recovery of visual extinction by pavlovian conditioning in a patient with hemispatial neglect.,"Dominguez-Borras J, Armony JL, Maravita A, Driver J, Vuilleumier P",Cortex; a journal devoted to the study of the nervous system and behavior,0.09,23337458,-1,-1
emotional stimuli_00099,https://pubmed.ncbi.nlm.nih.gov/24904065/,Negative Urgency Mediates the Relationship between Amygdala and Orbitofrontal Cortex Activation to Negative Emotional Stimuli and General Risk-Taking.,"Cyders MA, Dzemidzic M, Eiler WJ, Coskunpinar A, Karyadi KA, Kareken DA","Cerebral cortex (New York, N.Y. : 1991)",0.09,24904065,-1,-1
emotional stimuli_00100,https://pubmed.ncbi.nlm.nih.gov/18440493/,Ventromedial prefrontal cortex processing during emotional evaluation in late-life depression: a longitudinal functional magnetic resonance imaging study.,"Brassen S, Kalisch R, Weber-Fahr W, Braus DF, Buchel C",Biological psychiatry,0.089,18440493,-1,-1
emotional stimuli_00101,https://pubmed.ncbi.nlm.nih.gov/20123031/,The effects of gender and catechol O-methyltransferase (COMT) Val108/158Met polymorphism on emotion regulation in velo-cardio-facial syndrome (22q11.2 deletion syndrome): An fMRI study.,"Coman IL, Gnirke MH, Middleton FA, Antshel KM, Fremont W, Higgins AM, Shprintzen RJ, Kates WR",NeuroImage,0.089,20123031,10.1016/j.neuroimage.2010.01.094,-1
emotional stimuli_00102,https://pubmed.ncbi.nlm.nih.gov/22222174/,fMRI responses to emotional faces in children and adolescents at genetic risk for psychiatric illness share some of the features of depression.,"Barbour T, Pruitt P, Diwadkar VA",Journal of affective disorders,0.089,22222174,10.1016/j.jad.2011.11.036,-1
emotional stimuli_00103,https://pubmed.ncbi.nlm.nih.gov/22781161/,Effects of emotional context on impulse control.,"Brown MR, Lebel RM, Dolcos F, Wilman AH, Silverstone PH, Pazderka H, Fujiwara E, Wild TC, Carroll AM, Hodlevskyy O, Zedkova L, Zwaigenbaum L, Thompson AH, Greenshaw AJ, Dursun SM",NeuroImage,0.089,22781161,10.1016/j.neuroimage.2012.06.056,-1
emotional stimuli_00104,https://pubmed.ncbi.nlm.nih.gov/25262587/,Incidental self-processing modulates the interaction of emotional valence and arousal.,"Wang Q, Zheng L, Li L, Xu X, Cheng X, Ning R, Dienes Z, Guo X",Experimental brain research,0.089,25262587,-1,-1
emotional stimuli_00105,https://pubmed.ncbi.nlm.nih.gov/16043128/,The neural correlates of anhedonia in major depressive disorder.,"Keedwell PA, Andrew C, Williams SC, Brammer MJ, Phillips ML",Biological psychiatry,0.088,16043128,-1,-1
emotional stimuli_00106,https://pubmed.ncbi.nlm.nih.gov/16055351/,Emotion and attention interactions in social cognition: brain regions involved in processing anger prosody.,"Sander D, Grandjean D, Pourtois G, Schwartz S, Seghier ML, Scherer KR, Vuilleumier P",NeuroImage,0.088,16055351,-1,-1
emotional stimuli_00107,https://pubmed.ncbi.nlm.nih.gov/16492400/,Attentional modulation of the amygdala varies with personality.,"Most SB, Chun MM, Johnson MR, Kiehl KA",NeuroImage,0.088,16492400,-1,-1
emotional stimuli_00108,https://pubmed.ncbi.nlm.nih.gov/20933530/,A cross-sectional and follow-up functional MRI study with a working memory task in adolescent anorexia nervosa.,"Castro-Fornieles J, Caldu X, Andres-Perpina S, Lazaro L, Bargallo N, Falcon C, Plana MT, Junque C",Neuropsychologia,0.088,20933530,-1,-1
emotional stimuli_00109,https://pubmed.ncbi.nlm.nih.gov/23034517/,5-HTTLPR-environment interplay and its effects on neural reactivity in adolescents.,"Walsh ND, Dalgleish T, Dunn VJ, Abbott R, St Clair MC, Owens M, Fairchild G, Kerslake WS, Hiscox LV, Passamonti L, Ewbank M, Ban M, Calder AJ, Goodyer IM",NeuroImage,0.088,23034517,-1,-1
emotional stimuli_00110,https://pubmed.ncbi.nlm.nih.gov/29627273/,Neural functional correlates of the impact of socio-emotional stimuli on performances on a flanker task in children aged 9-11 years.,"Reveillon M, Lazeyras F, Van Calster L, Cojan Y, Sander D, Huppi PS, Barisnikov K",Neuropsychologia,0.088,29627273,-1,-1
emotional stimuli_00111,https://pubmed.ncbi.nlm.nih.gov/16399218/,Novel fearful faces activate the amygdala in healthy young and elderly adults.,"Wright CI, Wedig MM, Williams D, Rauch SL, Albert MS",Neurobiology of aging,0.087,16399218,-1,-1
emotional stimuli_00112,https://pubmed.ncbi.nlm.nih.gov/19426817/,BOLD signal in insula is differentially related to cardiac function during compassion meditation in experts vs. novices.,"Lutz A, Greischar LL, Perlman DM, Davidson RJ",NeuroImage,0.087,19426817,-1,-1
emotional stimuli_00113,https://pubmed.ncbi.nlm.nih.gov/19524887/,Individual differences in alexithymia and brain response to masked emotion faces.,"Reker M, Ohrmann P, Rauch AV, Kugel H, Bauer J, Dannlowski U, Arolt V, Heindel W, Suslow T",Cortex; a journal devoted to the study of the nervous system and behavior,0.087,19524887,-1,-1
emotional stimuli_00114,https://pubmed.ncbi.nlm.nih.gov/23348009/,Allopregnanolone elevations following pregnenolone administration are associated  with enhanced activation of emotion regulation neurocircuits.,"Sripada RK, Marx CE, King AP, Rampton JC, Ho SS, Liberzon I",Biological psychiatry,0.086,23348009,-1,-1
emotional stimuli_00115,https://pubmed.ncbi.nlm.nih.gov/25128588/,Neurodevelopmental changes in the responsiveness of systems involved in top down  attention and emotional responding.,"Hwang S, White SF, Nolan ZT, Sinclair S, Blair RJ",Neuropsychologia,0.086,25128588,-1,-1
emotional stimuli_00116,https://pubmed.ncbi.nlm.nih.gov/19036981/,Modeling a negative response bias in the human amygdala by noradrenergic-glucocorticoid interactions.,"Kukolja J, Schlapfer TE, Keysers C, Klingmuller D, Maier W, Fink GR, Hurlemann R",The Journal of neuroscience : the official journal of the Society for Neuroscience,0.085,19036981,-1,-1
emotional stimuli_00117,https://pubmed.ncbi.nlm.nih.gov/19940176/,Functional variation of the dopamine D2 receptor gene is associated with emotional control as well as brain activity and connectivity during emotion processing in humans.,"Blasi G, Lo Bianco L, Taurisano P, Gelao B, Romano R, Fazio L, Papazacharias A, Di Giorgio A, Caforio G, Rampino A, Masellis R, Papp A, Ursini G, Sinibaldi L, Popolizio T, Sadee W, Bertolino A",The Journal of neuroscience : the official journal of the Society for Neuroscience,0.085,19940176,-1,-1
emotional stimuli_00118,https://pubmed.ncbi.nlm.nih.gov/23459637/,Trait anxiety modulates fronto-limbic processing of emotional interference in borderline personality disorder.,"Holtmann J, Herbort MC, Wustenberg T, Soch J, Richter S, Walter H, Roepke S, Schott BH",Frontiers in human neuroscience,0.085,23459637,-1,-1
emotional stimuli_00119,https://pubmed.ncbi.nlm.nih.gov/28669913/,Divergent influences of anterior cingulate cortex GABA concentrations on the emotion circuitry.,"Levar N, van Leeuwen JMC, Denys D, van Wingen GA",NeuroImage,0.085,28669913,-1,-1
emotional stimuli_00120,https://pubmed.ncbi.nlm.nih.gov/22022589/,Effects of aversive stimuli on prospective memory. An event-related fMRI study.,"Rea M, Kullmann S, Veit R, Casile A, Braun C, Belardinelli MO, Birbaumer N, Caria A",PloS one,0.084,22022589,-1,-1
emotional stimuli_00121,https://pubmed.ncbi.nlm.nih.gov/24080517/,Neural activity to intense positive versus negative stimuli can help differentiate bipolar disorder from unipolar major depressive disorder in depressed adolescents: a pilot fMRI study.,"Diler RS, de Almeida JR, Ladouceur C, Birmaher B, Axelson D, Phillips M",Psychiatry research,0.084,24080517,10.1016/j.pscychresns.2013.06.013,-1
emotional stimuli_00122,https://pubmed.ncbi.nlm.nih.gov/12948690/,A preferential increase in the extrastriate response to signals of danger.,"Surguladze SA, Brammer MJ, Young AW, Andrew C, Travis MJ, Williams SC, Phillips ML",NeuroImage,0.083,12948690,10.1016/s1053-8119(03)00085-5,-1
emotional stimuli_00123,https://pubmed.ncbi.nlm.nih.gov/23281129/,How 'love' and 'hate' differ from 'sleep': using combined electro/magnetoencephalographic data to reveal the sources of early cortical responses to emotional words.,"Keuper K, Zwanzger P, Nordt M, Eden A, Laeger I, Zwitserlood P, Kissler J, Junghofer M, Dobel C",Human brain mapping,0.083,23281129,10.1002/hbm.22220,-1
emotional stimuli_00124,https://pubmed.ncbi.nlm.nih.gov/27741285/,Perception of Emotional Facial Expressions in Amyotrophic Lateral Sclerosis (ALS) at Behavioural and Brain Metabolic Level.,"Aho-Ozhan HE, Keller J, Heimrath J, Uttner I, Kassubek J, Birbaumer N, Ludolph AC, Lule D",PloS one,0.083,27741285,-1,-1
emotional stimuli_00125,https://pubmed.ncbi.nlm.nih.gov/20004364/,Anhedonia and emotional experience in schizophrenia: neural and behavioral indicators.,"Dowd EC, Barch DM",Biological psychiatry,0.082,20004364,-1,-1
emotional stimuli_00126,https://pubmed.ncbi.nlm.nih.gov/20226799/,Neural correlates of using distancing to regulate emotional responses to social situations.,"Koenigsberg HW, Fan J, Ochsner KN, Liu X, Guise K, Pizzarello S, Dorantes C, Tecuta L, Guerreri S, Goodman M, New A, Flory J, Siever LJ",Neuropsychologia,0.082,20226799,-1,-1
emotional stimuli_00127,https://pubmed.ncbi.nlm.nih.gov/20392942/,Emotional processing in a salient motion context: integration of motion and emotion in both V5/hMT+ and the amygdala.,"Hindi Attar C, Muller MM, Andersen SK, Buchel C, Rose M",The Journal of neuroscience : the official journal of the Society for Neuroscience,0.082,20392942,-1,-1
emotional stimuli_00128,https://pubmed.ncbi.nlm.nih.gov/22929607/,Stress sensitive healthy females show less left amygdala activation in response to withdrawal-related visual stimuli under passive viewing conditions.,"Baeken C, Van Schuerbeek P, De Raedt R, Vanderhasselt MA, De Mey J, Bossuyt A, Luypaert R",Brain and cognition,0.082,22929607,-1,-1
emotional stimuli_00129,https://pubmed.ncbi.nlm.nih.gov/25698699/,Compassion-based emotion regulation up-regulates experienced positive affect and  associated neural networks.,"Engen HG, Singer T",Social cognitive and affective neuroscience,0.082,25698699,-1,-1
emotional stimuli_00130,https://pubmed.ncbi.nlm.nih.gov/28712089/,Increased recruitment of cognitive control in the presence of traumatic stimuli in complex PTSD.,"Herzog JI, Niedtfeld I, Rausch S, Thome J, Mueller-Engelmann M, Steil R, Priebe K, Bohus M, Schmahl C",European archives of psychiatry and clinical neuroscience,0.081,28712089,-1,-1
emotional stimuli_00131,https://pubmed.ncbi.nlm.nih.gov/25035299/,Clarifying the neural basis for incentive salience of tobacco cues in smokers.,"Gray JC, Amlung MT, Acker J, Sweet LH, Brown CL, MacKillop J",Psychiatry research,0.08,25035299,-1,-1
emotional stimuli_00132,https://pubmed.ncbi.nlm.nih.gov/18365029/,Regulation of the neural circuitry of emotion by compassion meditation: effects of meditative expertise.,"Lutz A, Brefczynski-Lewis J, Johnstone T, Davidson RJ",PloS one,0.079,18365029,-1,-1
emotional stimuli_00133,https://pubmed.ncbi.nlm.nih.gov/20974959/,Spectral quality of light modulates emotional brain responses in humans.,"Vandewalle G, Schwartz S, Grandjean D, Wuillaume C, Balteau E, Degueldre C, Schabus M, Phillips C, Luxen A, Dijk DJ, Maquet P",Proceedings of the National Academy of Sciences of the United States of America,0.079,20974959,-1,-1
emotional stimuli_00134,https://pubmed.ncbi.nlm.nih.gov/22584235/,Single-trial EEG-fMRI coupling of the emotional auditory early posterior negativity.,"Jaspers-Fayer F, Ertl M, Leicht G, Leupelt A, Mulert C",NeuroImage,0.079,22584235,-1,-1
emotional stimuli_00135,https://pubmed.ncbi.nlm.nih.gov/23055092/,Structural-functional correlations between hippocampal volume and cortico-limbic  emotional responses in depressed children.,"Suzuki H, Botteron KN, Luby JL, Belden AC, Gaffrey MS, Babb CM, Nishino T, Miller MI, Ratnanather JT, Barch DM","Cognitive, affective & behavioral neuroscience",0.079,23055092,-1,-1
emotional stimuli_00136,https://pubmed.ncbi.nlm.nih.gov/26778366/,Amygdala alterations during an emotional conflict task in women recovered from anorexia nervosa.,"Bang L, Ro O, Endestad T",Psychiatry research. Neuroimaging,0.079,26778366,-1,-1
emotional stimuli_00137,https://pubmed.ncbi.nlm.nih.gov/29644568/,Smiling faces and cash bonuses: Exploring common affective coding across positive and negative emotional and motivational stimuli using fMRI.,"Park HRP, Kostandyan M, Boehler CN, Krebs RM","Cognitive, affective & behavioral neuroscience",0.079,29644568,-1,-1
emotional stimuli_00138,https://pubmed.ncbi.nlm.nih.gov/16226433/,Neural mechanism for judging the appropriateness of facial affect.,"Kim JW, Kim JJ, Jeong BS, Ki SW, Im DM, Lee SJ, Lee HS",Brain research. Cognitive brain research,0.078,16226433,-1,-1
emotional stimuli_00139,https://pubmed.ncbi.nlm.nih.gov/17884110/,Anterior cingulate cortex modulates preparatory activation during certain anticipation of negative picture.,"Onoda K, Okamoto Y, Toki S, Ueda K, Shishida K, Kinoshita A, Yoshimura S, Yamashita H, Yamawaki S",Neuropsychologia,0.078,17884110,-1,-1
emotional stimuli_00140,https://pubmed.ncbi.nlm.nih.gov/18797499/,Neural correlates of perceiving emotional faces and bodies in developmental prosopagnosia: an event-related fMRI-study.,"Van den Stock J, van de Riet WA, Righart R, de Gelder B",PloS one,0.078,18797499,-1,-1
emotional stimuli_00141,https://pubmed.ncbi.nlm.nih.gov/26640766/,Executive attention control and emotional responding in attention-deficit/hyperactivity disorder--A functional MRI study.,"Hwang S, White SF, Nolan ZT, Craig Williams W, Sinclair S, Blair RJ",NeuroImage. Clinical,0.078,26640766,10.1016/j.nicl.2015.10.005,-1
emotional stimuli_00142,https://pubmed.ncbi.nlm.nih.gov/20668188/,Multiple mechanisms of consciousness: the neural correlates of emotional awareness.,"Amting JM, Greening SG, Mitchell DG",The Journal of neuroscience : the official journal of the Society for Neuroscience,0.077,20668188,10.1523/JNEUROSCI.6434-09.2010,-1
emotional stimuli_00143,https://pubmed.ncbi.nlm.nih.gov/22689218/,Exogenous attention to facial vs non-facial emotional visual stimuli.,"Carretie L, Kessel D, Carboni A, Lopez-Martin S, Albert J, Tapia M, Mercado F, Capilla A, Hinojosa JA",Social cognitive and affective neuroscience,0.077,22689218,10.1093/scan/nss068,-1
emotional stimuli_00144,https://pubmed.ncbi.nlm.nih.gov/23410736/,Brain networks subserving the evaluation of static and dynamic facial expressions.,"Johnston P, Mayes A, Hughes M, Young AW",Cortex; a journal devoted to the study of the nervous system and behavior,0.077,23410736,-1,-1
emotional stimuli_00145,https://pubmed.ncbi.nlm.nih.gov/16023376/,The rewards of music listening: response and physiological connectivity of the mesolimbic system.,"Menon V, Levitin DJ",NeuroImage,0.076,16023376,-1,-1
emotional stimuli_00146,https://pubmed.ncbi.nlm.nih.gov/22659393/,Amygdala responsiveness to emotional words is modulated by subclinical anxiety and depression.,"Laeger I, Dobel C, Dannlowski U, Kugel H, Grotegerd D, Kissler J, Keuper K, Eden A, Zwitserlood P, Zwanzger P",Behavioural brain research,0.076,22659393,-1,-1
emotional stimuli_00147,https://pubmed.ncbi.nlm.nih.gov/24639328/,Altered neural function during episodic memory encoding and retrieval in major depression.,"Dietsche B, Backes H, Stratmann M, Konrad C, Kircher T, Krug A",Human brain mapping,0.076,24639328,-1,-1
emotional stimuli_00148,https://pubmed.ncbi.nlm.nih.gov/22773051/,Self-referential and anxiety-relevant information processing in subclinical social anxiety: an fMRI study.,"Abraham A, Kaufmann C, Redlich R, Hermann A, Stark R, Stevens S, Hermann C",Brain imaging and behavior,0.075,22773051,-1,-1
emotional stimuli_00149,https://pubmed.ncbi.nlm.nih.gov/23711533/,Emotion modulates activity in the 'what' but not 'where' auditory processing pathway.,"Kryklywy JH, Macpherson EA, Greening SG, Mitchell DG",NeuroImage,0.075,23711533,-1,-1
emotional stimuli_00150,https://pubmed.ncbi.nlm.nih.gov/25044711/,Emotion perception and executive control interact in the salience network during  emotionally charged working memory processing.,"Luo Y, Qin S, Fernandez G, Zhang Y, Klumpers F, Li H",Human brain mapping,0.075,25044711,-1,-1
emotional stimuli_00151,https://pubmed.ncbi.nlm.nih.gov/27814960/,Functional magnetic resonance imaging correlates of emotion recognition and voluntary attentional regulation in depression: A generalized psycho-physiological interaction study.,"Tozzi L, Doolin K, Farrel C, Joseph S, O'Keane V, Frodl T",Journal of affective disorders,0.075,27814960,-1,-1
emotional stimuli_00152,https://pubmed.ncbi.nlm.nih.gov/28971003/,The processing of animacy information is disrupted as a function of callous-unemotional traits in youth with disruptive behavior disorders.,"Thornton LC, Penner EA, Nolan ZT, Adalio CJ, Sinclair S, Meffert H, Hwang S, Blair RJR, White SF",NeuroImage. Clinical,0.075,28971003,-1,-1
emotional stimuli_00153,https://pubmed.ncbi.nlm.nih.gov/29579064/,Neural processing of food and emotional stimuli in adolescent and adult anorexia  nervosa patients.,"Horndasch S, Roesch J, Forster C, Dorfler A, Lindsiepe S, Heinrich H, Graap H, Moll GH, Kratz O",PloS one,0.075,29579064,-1,-1
emotional stimuli_00154,https://pubmed.ncbi.nlm.nih.gov/16650775/,Acute tryptophan depletion improves performance and modulates the BOLD response during a Stroop task in healthy females.,"Evers EA, van der Veen FM, Jolles J, Deutz NE, Schmitt JA",NeuroImage,0.074,16650775,-1,-1
emotional stimuli_00155,https://pubmed.ncbi.nlm.nih.gov/28040541/,Cognitive emotion regulation modulates the balance of competing influences on ventral striatal aversive prediction error signals.,"Mulej Bratec S, Xie X, Wang Y, Schilbach L, Zimmer C, Wohlschlager AM, Riedl V, Sorg C",NeuroImage,0.074,28040541,-1,-1
emotional stimuli_00156,https://pubmed.ncbi.nlm.nih.gov/28486506/,An fMRI study into emotional processing in Parkinson's disease: Does increased medial prefrontal activation compensate for striatal dysfunction?,"Moonen AJH, Weiss PH, Wiesing M, Weidner R, Fink GR, Reijnders JSAM, Weber WM, Leentjens AFG",PloS one,0.074,28486506,-1,-1
emotional stimuli_00157,https://pubmed.ncbi.nlm.nih.gov/11983183/,Can't shake that feeling: event-related fMRI assessment of sustained amygdala activity in response to emotional information in depressed individuals.,"Siegle GJ, Steinhauer SR, Thase ME, Stenger VA, Carter CS",Biological psychiatry,0.073,11983183,-1,-1
emotional stimuli_00158,https://pubmed.ncbi.nlm.nih.gov/17636560/,Posterior cingulate activation during moral dilemma in adolescents.,"Pujol J, Reixach J, Harrison BJ, Timoneda-Gallart C, Vilanova JC, Perez-Alvarez F",Human brain mapping,0.073,17636560,-1,-1
emotional stimuli_00159,https://pubmed.ncbi.nlm.nih.gov/20460301/,"Stop looking angry and smile, please: start and stop of the very same facial expression differentially activate threat- and reward-related brain networks.","Muhlberger A, Wieser MJ, Gerdes AB, Frey MC, Weyers P, Pauli P",Social cognitive and affective neuroscience,0.073,20460301,-1,-1
emotional stimuli_00160,https://pubmed.ncbi.nlm.nih.gov/25571770/,Visual imagery influences brain responses to visual stimulation in bilateral cortical blindness.,"de Gelder B, Tamietto M, Pegna AJ, Van den Stock J",Cortex; a journal devoted to the study of the nervous system and behavior,0.073,25571770,-1,-1
emotional stimuli_00161,https://pubmed.ncbi.nlm.nih.gov/26601909/,The Impact of Emotional States on Cognitive Control Circuitry and Function.,"Cohen AO, Dellarco DV, Breiner K, Helion C, Heller AS, Rahdar A, Pedersen G, Chein J, Dyke JP, Galvan A, Casey BJ",Journal of cognitive neuroscience,0.073,26601909,10.1162/jocn_a_00906,-1
emotional stimuli_00162,https://pubmed.ncbi.nlm.nih.gov/29672547/,Trait anger modulates neural activity in the fronto-parietal attention network.,"Alia-Klein N, Preston-Campbell RN, Moeller SJ, Parvaz MA, Bachi K, Gan G, Zilverstand A, Konova AB, Goldstein RZ",PloS one,0.073,29672547,10.1371/journal.pone.0194444,-1
emotional stimuli_00163,https://pubmed.ncbi.nlm.nih.gov/16078183/,Investigating emotion with music: an fMRI study.,"Koelsch S, Fritz T, V Cramon DY, Muller K, Friederici AD",Human brain mapping,0.072,16078183,10.1002/hbm.20180,-1
emotional stimuli_00164,https://pubmed.ncbi.nlm.nih.gov/16973382/,A neural network reflecting individual differences in cognitive processing of emotions during perceptual decision making.,"Meriau K, Wartenburger I, Kazzer P, Prehn K, Lammers CH, van der Meer E, Villringer A, Heekeren HR",NeuroImage,0.072,16973382,10.1016/j.neuroimage.2006.07.031,-1
emotional stimuli_00165,https://pubmed.ncbi.nlm.nih.gov/23825408/,Ventromedial prefrontal cortex encodes emotional value.,"Winecoff A, Clithero JA, Carter RM, Bergman SR, Wang L, Huettel SA",The Journal of neuroscience : the official journal of the Society for Neuroscience,0.072,23825408,-1,-1
emotional stimuli_00166,https://pubmed.ncbi.nlm.nih.gov/26930284/,Fronto-Limbic Brain Dysfunction during the Regulation of Emotion in Schizophrenia.,"Eack SM, Wojtalik JA, Barb SM, Newhill CE, Keshavan MS, Phillips ML",PloS one,0.072,26930284,-1,-1
emotional stimuli_00167,https://pubmed.ncbi.nlm.nih.gov/29253783/,Fear processing is differentially affected by lateralized stimulation of carotid  baroreceptors.,"Makovac E, Garfinkel S, Bassi A, Basile B, Macaluso E, Cercignani M, Calcagnini G, Mattei E, Mancini M, Agalliu D, Cortelli P, Caltagirone C, Critchley H, Bozzali M",Cortex; a journal devoted to the study of the nervous system and behavior,0.072,29253783,-1,-1
emotional stimuli_00168,https://pubmed.ncbi.nlm.nih.gov/17574869/,Hemodynamic brain correlates of disgust and fear ratings.,"Stark R, Zimmermann M, Kagerer S, Schienle A, Walter B, Weygandt M, Vaitl D",NeuroImage,0.071,17574869,-1,-1
emotional stimuli_00169,https://pubmed.ncbi.nlm.nih.gov/19931400/,BDNF gene polymorphism (Val66Met) predicts amygdala and anterior hippocampus responses to emotional faces in anxious and depressed adolescents.,"Lau JY, Goldman D, Buzas B, Hodgkinson C, Leibenluft E, Nelson E, Sankin L, Pine DS, Ernst M",NeuroImage,0.071,19931400,-1,-1
emotional stimuli_00170,https://pubmed.ncbi.nlm.nih.gov/22332805/,Processing of emotional distraction is both automatic and modulated by attention: evidence from an event-related fMRI investigation.,"Shafer AT, Matveychuk D, Penney T, O'Hare AJ, Stokes J, Dolcos F",Journal of cognitive neuroscience,0.07,22332805,-1,-1
emotional stimuli_00171,https://pubmed.ncbi.nlm.nih.gov/18375529/,Role of amygdala connectivity in the persistence of emotional memories over time: an event-related FMRI investigation.,"Ritchey M, Dolcos F, Cabeza R","Cerebral cortex (New York, N.Y. : 1991)",0.069,18375529,-1,-1
emotional stimuli_00172,https://pubmed.ncbi.nlm.nih.gov/29311795/,Neural and Genetic Correlates of the Social Sharing of Happiness.,"Matsunaga M, Kawamichi H, Umemura T, Hori R, Shibata E, Kobayashi F, Suzuki K, Ishii K, Ohtsubo Y, Noguchi Y, Ochi M, Yamasue H, Ohira H",Frontiers in neuroscience,0.069,29311795,-1,-1
emotional stimuli_00173,https://pubmed.ncbi.nlm.nih.gov/16140346/,Neural mechanisms of imitation and 'mirror neuron' functioning in autistic spectrum disorder.,"Williams JH, Waiter GD, Gilchrist A, Perrett DI, Murray AD, Whiten A",Neuropsychologia,0.068,16140346,-1,-1
emotional stimuli_00174,https://pubmed.ncbi.nlm.nih.gov/17210138/,Impact of emotional salience on episodic memory in attention-deficit/hyperactivity disorder: a functional magnetic resonance imaging study.,"Krauel K, Duzel E, Hinrichs H, Santel S, Rellum T, Baving L",Biological psychiatry,0.068,17210138,-1,-1
emotional stimuli_00175,https://pubmed.ncbi.nlm.nih.gov/22510433/,An fMRI study of attentional control in the context of emotional distracters in euthymic adults with bipolar disorder.,"Mullin BC, Perlman SB, Versace A, de Almeida JR, Labarbara EJ, Klein C, Ladouceur CD, Phillips ML",Psychiatry research,0.068,22510433,-1,-1
emotional stimuli_00176,https://pubmed.ncbi.nlm.nih.gov/25140051/,Automatic emotion processing as a function of trait emotional awareness: an fMRI  study.,"Lichev V, Sacher J, Ihme K, Rosenberg N, Quirin M, Lepsien J, Pampel A, Rufer M, Grabe HJ, Kugel H, Kersting A, Villringer A, Lane RD, Suslow T",Social cognitive and affective neuroscience,0.068,25140051,-1,-1
emotional stimuli_00177,https://pubmed.ncbi.nlm.nih.gov/26117067/,BDNF Val66Met polymorphism in patterns of neural activation in individuals with MDD and healthy controls.,"Lisiecka DM, O'Hanlon E, Fagan AJ, Carballedo A, Morris D, Suckling J, Frodl T",Journal of affective disorders,0.068,26117067,-1,-1
emotional stimuli_00178,https://pubmed.ncbi.nlm.nih.gov/15993859/,A double dissociation of ventromedial prefrontal cortical responses to sad and happy stimuli in depressed and healthy individuals.,"Keedwell PA, Andrew C, Williams SC, Brammer MJ, Phillips ML",Biological psychiatry,0.067,15993859,-1,-1
emotional stimuli_00179,https://pubmed.ncbi.nlm.nih.gov/19423079/,Inflammation causes mood changes through alterations in subgenual cingulate activity and mesolimbic connectivity.,"Harrison NA, Brydon L, Walker C, Gray MA, Steptoe A, Critchley HD",Biological psychiatry,0.067,19423079,-1,-1
emotional stimuli_00180,https://pubmed.ncbi.nlm.nih.gov/19603072/,Eyes wide shut: amygdala mediates eyes-closed effect on emotional experience with music.,"Lerner Y, Papo D, Zhdanov A, Belozersky L, Hendler T",PloS one,0.067,19603072,-1,-1
emotional stimuli_00181,https://pubmed.ncbi.nlm.nih.gov/20044897/,Insula and orbital frontal cortex activity underlying emotion interference resolution in working memory.,"Levens SM, Phelps EA",Journal of cognitive neuroscience,0.067,20044897,10.1162/jocn.2010.21428,-1
emotional stimuli_00182,https://pubmed.ncbi.nlm.nih.gov/21430147/,"Sleep deprivation amplifies reactivity of brain reward networks, biasing the appraisal of positive emotional experiences.","Gujar N, Yoo SS, Hu P, Walker MP",The Journal of neuroscience : the official journal of the Society for Neuroscience,0.067,21430147,10.1523/JNEUROSCI.3220-10.2011,-1
emotional stimuli_00183,https://pubmed.ncbi.nlm.nih.gov/27551262/,What Is the Effect of Basic Emotions on Directed Forgetting? Investigating the Role of Basic Emotions in Memory.,"Marchewka A, Wypych M, Michalowski JM, Sinczuk M, Wordecha M, Jednorog K, Nowicka A",Frontiers in human neuroscience,0.067,27551262,10.3389/fnhum.2016.00378,-1
emotional stimuli_00184,https://pubmed.ncbi.nlm.nih.gov/16882026/,Net influx of plasma 6-[18F]fluoro-L-DOPA (FDOPA) to the ventral striatum correlates with prefrontal processing of affective stimuli.,"Siessmeier T, Kienast T, Wrase J, Larsen JL, Braus DF, Smolka MN, Buchholz HG, Schreckenberger M, Rosch F, Cumming P, Mann K, Bartenstein P, Heinz A",The European journal of neuroscience,0.066,16882026,-1,-1
emotional stimuli_00185,https://pubmed.ncbi.nlm.nih.gov/25610763/,PTSD symptom severity is associated with increased recruitment of top-down attentional control in a trauma-exposed sample.,"White SF, Costanzo ME, Blair JR, Roy MJ",NeuroImage. Clinical,0.066,25610763,-1,-1
emotional stimuli_00186,https://pubmed.ncbi.nlm.nih.gov/25954172/,Aversive emotional interference impacts behavior and prefronto-striatal activity  during increasing attentional control.,"Papazacharias A, Taurisano P, Fazio L, Gelao B, Di Giorgio A, Lo Bianco L, Quarto T, Mancini M, Porcelli A, Romano R, Caforio G, Todarello O, Popolizio T, Blasi G, Bertolino A",Frontiers in behavioral neuroscience,0.066,25954172,-1,-1
emotional stimuli_00187,https://pubmed.ncbi.nlm.nih.gov/29765312/,"Associations Between Daily Mood States and Brain Gray Matter Volume, Resting-State Functional Connectivity and Task-Based Activity in Healthy Adults.","Ismaylova E, Di Sante J, Gouin JP, Pomares FB, Vitaro F, Tremblay RE, Booij L",Frontiers in human neuroscience,0.065,29765312,-1,-1
emotional stimuli_00188,https://pubmed.ncbi.nlm.nih.gov/16487729/,Neural systems for orienting attention to the location of threat signals: an event-related fMRI study.,"Pourtois G, Schwartz S, Seghier ML, Lazeyras F, Vuilleumier P",NeuroImage,0.064,16487729,-1,-1
emotional stimuli_00189,https://pubmed.ncbi.nlm.nih.gov/25959594/,Neurobiological indicators of disinhibition in posttraumatic stress disorder.,"Sadeh N, Spielberg JM, Miller MW, Milberg WP, Salat DH, Amick MM, Fortier CB, McGlinchey RE",Human brain mapping,0.064,25959594,-1,-1
emotional stimuli_00190,https://pubmed.ncbi.nlm.nih.gov/28039553/,Deficient amygdala-prefrontal intrinsic connectivity after effortful emotion regulation in borderline personality disorder.,"Baczkowski BM, van Zutphen L, Siep N, Jacob GA, Domes G, Maier S, Sprenger A, Senft A, Willenborg B, Tuscher O, Arntz A, van de Ven V",European archives of psychiatry and clinical neuroscience,0.064,28039553,-1,-1
emotional stimuli_00191,https://pubmed.ncbi.nlm.nih.gov/16330503/,Emotional and autonomic consequences of spinal cord injury explored using functional brain imaging.,"Nicotra A, Critchley HD, Mathias CJ, Dolan RJ",Brain : a journal of neurology,0.063,16330503,-1,-1
emotional stimuli_00192,https://pubmed.ncbi.nlm.nih.gov/19501062/,Emotions in motion: dynamic compared to static facial expressions of disgust and  happiness reveal more widespread emotion-specific activations.,"Trautmann SA, Fehr T, Herrmann M",Brain research,0.063,19501062,-1,-1
emotional stimuli_00193,https://pubmed.ncbi.nlm.nih.gov/24647945/,Neural control of vascular reactions: impact of emotion and attention.,"Okon-Singer H, Mehnert J, Hoyer J, Hellrung L, Schaare HL, Dukart J, Villringer A",The Journal of neuroscience : the official journal of the Society for Neuroscience,0.063,24647945,-1,-1
emotional stimuli_00194,https://pubmed.ncbi.nlm.nih.gov/26348558/,Effects of ketamine on cognition-emotion interaction in the brain.,"Scheidegger M, Henning A, Walter M, Boeker H, Weigand A, Seifritz E, Grimm S",NeuroImage,0.063,26348558,-1,-1
emotional stimuli_00195,https://pubmed.ncbi.nlm.nih.gov/27738993/,The interaction between 5-HTTLPR and stress exposure influences connectivity of the executive control and default mode brain networks.,"van der Meer D, Hartman CA, Pruim RHR, Mennes M, Heslenfeld D, Oosterlaan J, Faraone SV, Franke B, Buitelaar JK, Hoekstra PJ",Brain imaging and behavior,0.063,27738993,-1,-1
emotional stimuli_00196,https://pubmed.ncbi.nlm.nih.gov/21820647/,Abnormal hypothalamic response to light in seasonal affective disorder.,"Vandewalle G, Hebert M, Beaulieu C, Richard L, Daneault V, Garon ML, Leblanc J, Grandjean D, Maquet P, Schwartz S, Dumont M, Doyon J, Carrier J",Biological psychiatry,0.062,21820647,-1,-1
emotional stimuli_00197,https://pubmed.ncbi.nlm.nih.gov/23847500/,Individual differences in emotion-cognition interactions: emotional valence interacts with serotonin transporter genotype to influence brain systems involved in emotional reactivity and cognitive cont,"Stollstorff M, Munakata Y, Jensen AP, Guild RM, Smolker HR, Devaney JM, Banich MT",Frontiers in human neuroscience,0.062,23847500,-1,-1
emotional stimuli_00198,https://pubmed.ncbi.nlm.nih.gov/26373604/,Network dysfunction of emotional and cognitive processes in those at genetic risk of bipolar disorder.,"Breakspear M, Roberts G, Green MJ, Nguyen VT, Frankland A, Levy F, Lenroot R, Mitchell PB",Brain : a journal of neurology,0.062,26373604,-1,-1
emotional stimuli_00199,https://pubmed.ncbi.nlm.nih.gov/16275018/,Dissociable networks for the expectancy and perception of emotional stimuli in the human brain.,"Bermpohl F, Pascual-Leone A, Amedi A, Merabet LB, Fregni F, Gaab N, Alsop D, Schlaug G, Northoff G",NeuroImage,0.061,16275018,-1,-1
emotional stimuli_00200,https://pubmed.ncbi.nlm.nih.gov/18295746/,Overactivation of fear systems to neutral faces in schizophrenia.,"Hall J, Whalley HC, McKirdy JW, Romaniuk L, McGonigle D, McIntosh AM, Baig BJ, Gountouna VE, Job DE, Donaldson DI, Sprengelmeyer R, Young AW, Johnstone EC, Lawrie SM",Biological psychiatry,0.061,18295746,-1,-1
emotional stimuli_00201,https://pubmed.ncbi.nlm.nih.gov/23750133/,Prefrontal inhibition of threat processing reduces working memory interference.,"Clarke R, Johnstone T",Frontiers in human neuroscience,0.061,23750133,10.3389/fnhum.2013.00228,-1
emotional stimuli_00202,https://pubmed.ncbi.nlm.nih.gov/25609611/,Sex-Dependent Dissociation between Emotional Appraisal and Memory: A Large-Scale  Behavioral and fMRI Study.,"Spalek K, Fastenrath M, Ackermann S, Auschra B, Coynel D, Frey J, Gschwind L, Hartmann F, van der Maarel N, Papassotiropoulos A, de Quervain D, Milnik A",The Journal of neuroscience : the official journal of the Society for Neuroscience,0.061,25609611,10.1523/JNEUROSCI.2384-14.2015,-1
emotional stimuli_00203,https://pubmed.ncbi.nlm.nih.gov/9412517/,Masked presentations of emotional facial expressions modulate amygdala activity without explicit knowledge.,"Whalen PJ, Rauch SL, Etcoff NL, McInerney SC, Lee MB, Jenike MA",The Journal of neuroscience : the official journal of the Society for Neuroscience,0.06,9412517,-1,-1
emotional stimuli_00204,https://pubmed.ncbi.nlm.nih.gov/25309400/,Neural correlates of moral and non-moral emotion in female psychopathy.,"Harenski CL, Edwards BG, Harenski KA, Kiehl KA",Frontiers in human neuroscience,0.06,25309400,-1,-1
emotional stimuli_00205,https://pubmed.ncbi.nlm.nih.gov/18396414/,Amygdala responses to emotional faces in twins discordant or concordant for the risk for anxiety and depression.,"Wolfensberger SP, Veltman DJ, Hoogendijk WJ, Boomsma DI, de Geus EJ",NeuroImage,0.059,18396414,-1,-1
emotional stimuli_00206,https://pubmed.ncbi.nlm.nih.gov/18632198/,Insular activity during passive viewing of aversive stimuli reflects individual differences in state negative affect.,"Meriau K, Wartenburger I, Kazzer P, Prehn K, Villringer A, van der Meer E, Heekeren HR",Brain and cognition,0.059,18632198,-1,-1
emotional stimuli_00207,https://pubmed.ncbi.nlm.nih.gov/20584720/,Sustained happiness? Lack of repetition suppression in right-ventral visual cortex for happy faces.,"Suzuki A, Goh JO, Hebrank A, Sutton BP, Jenkins L, Flicker BA, Park DC",Social cognitive and affective neuroscience,0.057,20584720,-1,-1
emotional stimuli_00208,https://pubmed.ncbi.nlm.nih.gov/21568639/,Updating existing emotional memories involves the frontopolar/orbito-frontal cortex in ways that acquiring new emotional memories does not.,"Sakaki M, Niki K, Mather M",Journal of cognitive neuroscience,0.056,21568639,-1,-1
emotional stimuli_00209,https://pubmed.ncbi.nlm.nih.gov/22275167/,Affect-specific activation of shared networks for perception and execution of facial expressions.,"Kircher T, Pohl A, Krach S, Thimm M, Schulte-Ruther M, Anders S, Mathiak K",Social cognitive and affective neuroscience,0.056,22275167,-1,-1
emotional stimuli_00210,https://pubmed.ncbi.nlm.nih.gov/25978933/,Increased activity of frontal and limbic regions to emotional stimuli in children at-risk for anxiety disorders.,"Christensen R, Van Ameringen M, Hall G",Psychiatry research,0.055,25978933,-1,-1
emotional stimuli_00211,https://pubmed.ncbi.nlm.nih.gov/23270876/,Neural correlates of attentional deployment within unpleasant pictures.,"Ferri J, Schmidt J, Hajcak G, Canli T",NeuroImage,0.049,23270876,-1,-1
emotional stimuli_00212,https://pubmed.ncbi.nlm.nih.gov/26007149/,Brain activation in response to overt and covert fear and happy faces in women with borderline personality disorder.,"Cullen KR, LaRiviere LL, Vizueta N, Thomas KM, Hunt RH, Miller MJ, Lim KO, Schulz SC",Brain imaging and behavior,0.046,26007149,-1,-1
